carrier,flight,dep_delay,arr_delay
AA,1,2.279778393,-9.229916898
AA,3,0.740331492,-8.160220994
AA,19,-0.461077844,-8.371257485
AA,21,25.45706371,8.412742382
AA,29,3.6,-11.925
AA,33,1.970414201,-12.57692308
AA,45,9.341880342,7.017094017
AA,59,3.116991643,-11.03899721
AA,65,8.92173913,-3.486956522
AA,67,11.92372881,14.19491525
AA,84,5.460869565,0.513043478
AA,85,21.16292135,17.33988764
AA,95,10.875,1.016666667
AA,111,-5,-35
AA,117,5.397222222,-6.263888889
AA,119,5.908077994,0.91643454
AA,133,12.71944444,2.383333333
AA,145,17.86629526,9.133704735
AA,172,25.48739496,10.1512605
AA,177,28.35168196,21.80428135
AA,178,3.403361345,-1.915966387
AA,179,13.73314607,11.77808989
AA,181,18.98342541,10.67955801
AA,185,17.44126074,4.828080229
AA,199,12.61206897,-1.396551724
AA,211,4.857142857,4.840336134
AA,221,23.02702703,18.90540541
AA,235,5.752136752,-4.478632479
AA,256,7.401709402,4.145299145
AA,257,32.18106996,23.32510288
AA,269,12.19341564,-0.028806584
AA,291,17.90517241,8.75862069
AA,300,3.070175439,-6.061403509
AA,301,-3.109090909,-10.94545455
AA,303,-1.600574713,-10.47126437
AA,305,-0.513677812,-6.948328267
AA,307,-4.205128205,-13.42735043
AA,309,0.991150442,-11.75221239
AA,313,1.73964497,-7.621301775
AA,317,-1.494382022,-14.74157303
AA,319,3.515923567,-9.433121019
AA,320,8.964912281,3.149122807
AA,321,10.34782609,1.591304348
AA,323,13,-8.857142857
AA,325,1.772972973,-7.751351351
AA,327,4.296187683,-6.15542522
AA,329,7.582758621,2.303448276
AA,331,11.7804878,8.195121951
AA,333,2,-1.714285714
AA,335,40.2,28.2
AA,337,11.96587031,2.399317406
AA,341,15.11815562,6.25648415
AA,343,17.02173913,9.108695652
AA,345,14.78193146,4.638629283
AA,347,49.66666667,41.33333333
AA,353,19.21673004,8.874524715
AA,359,17.97484277,6.377358491
AA,361,23.7983871,8.774193548
AA,363,20.1242236,9.397515528
AA,369,-5.5,-24.16666667
AA,371,12.93560606,-1.65530303
AA,388,7,-1.153846154
AA,413,2.294871795,-5.517094017
AA,415,-0.5,-5.5
AA,443,0.813559322,-10.11016949
AA,447,-6,-25
AA,523,22.71428571,9
AA,543,20.78125,8.78125
AA,565,7.44375,-3.69375
AA,575,24.13636364,19.34090909
AA,601,4.272727273,-2.545454545
AA,613,16.14285714,-8.857142857
AA,647,6.074074074,-3.308641975
AA,655,3.466386555,-4.331932773
AA,677,7.637681159,0.434782609
AA,695,14.07024793,19.78099174
AA,701,0.104575163,-5.411764706
AA,705,-7.714285714,-22
AA,707,-1.10460251,-3.962343096
AA,709,-5.857142857,-25.14285714
AA,711,-1.701492537,-4.671641791
AA,713,-2.857142857,-30.57142857
AA,715,-1.252293578,-8.802752294
AA,717,1.730769231,-6.641025641
AA,719,3.934210526,4.302631579
AA,721,5.602409639,-12.03614458
AA,731,8.898734177,5.299578059
AA,739,6.988372093,1.73255814
AA,743,4.926406926,-0.359307359
AA,745,8.926470588,1.754901961
AA,751,29.57142857,5.571428571
AA,753,9.853556485,0.09623431
AA,759,4.954954955,-6.693693694
AA,763,13.98095238,4.238095238
AA,773,7.728971963,-1.004672897
AA,779,18.61290323,-2.193548387
AA,785,20.62331839,13.2735426
AA,791,27.11180124,18.34161491
AA,793,46.8,18.2
AA,825,-1.458333333,-7.177083333
AA,854,8.371428571,6.542857143
AA,855,-1,-47
AA,881,10.17333333,4.84
AA,883,12.87610619,-0.057522124
AA,936,6.19047619,-5.111111111
AA,977,2.579710145,-8.275362319
AA,1029,16.28947368,9.315789474
AA,1030,-3.569620253,-2.759493671
AA,1033,11.05970149,-1.208955224
AA,1039,6.9,2.922222222
AA,1073,5.872521246,-2.436260623
AA,1085,15.97560976,3
AA,1097,2.457142857,-6.871428571
AA,1103,-3.102803738,-7.495327103
AA,1107,-1.72,-2.73
AA,1111,-0.512820513,-7.982905983
AA,1121,-2.110169492,-13.01694915
AA,1131,0.440677966,-3.245762712
AA,1139,7.305882353,-0.788235294
AA,1141,2.101123596,-6.561797753
AA,1143,4.803418803,-0.974358974
AA,1145,0.584158416,-3.405940594
AA,1151,0.51754386,-3.850877193
AA,1153,13.14285714,-1.142857143
AA,1155,5.775700935,0.317757009
AA,1156,4.368932039,-7.165048544
AA,1160,-0.380952381,-9.404761905
AA,1165,-1.571428571,-20.71428571
AA,1170,-6.602564103,-3.025641026
AA,1171,7.87,4.05
AA,1175,-2.296610169,-11.22033898
AA,1179,-2.6,-2.6
AA,1185,7.179245283,-4.509433962
AA,1193,2.518987342,-5.303797468
AA,1205,0.680672269,-8.705882353
AA,1223,0.873015873,-11.03703704
AA,1256,9.285714286,0.18487395
AA,1263,0.041666667,4.366666667
AA,1327,3.15,-13.3
AA,1339,51.14285714,37.42857143
AA,1345,-0.1,-13.13333333
AA,1351,27.62420382,10.52866242
AA,1357,2.388429752,-3.972451791
AA,1359,8,-14
AA,1381,-2.27173913,-10.60869565
AA,1410,4.983050847,-0.127118644
AA,1467,15.29237288,12.37711864
AA,1499,-1.256410256,-20.1025641
AA,1507,24.61428571,11.51428571
AA,1559,0.666666667,-4.5
AA,1589,9.847058824,-3.929411765
AA,1599,3.92173913,-7.930434783
AA,1611,13.95277778,1.408333333
AA,1613,17.92045455,8.238636364
AA,1621,30.71428571,15
AA,1623,3.042105263,-5.463157895
AA,1629,-4.5,-29
AA,1635,18.35123967,2.851239669
AA,1687,-2.333333333,-9.5
AA,1691,27.13422819,16.09395973
AA,1697,11.04201681,-3.504201681
AA,1709,15.00896861,2.098654709
AA,1711,32.13333333,17.18666667
AA,1713,-5.857142857,-18.42857143
AA,1739,-2.149253731,-9.626865672
AA,1742,54,52.85714286
AA,1750,12.07894737,0.763157895
AA,1751,5.191780822,0.657534247
AA,1757,-1.243589744,-11.53846154
AA,1762,26.52380952,25.72294372
AA,1769,8.636363636,-0.311688312
AA,1775,3.142857143,-14.42857143
AA,1777,-0.428571429,-15.85714286
AA,1786,46.14285714,49.71428571
AA,1787,19.08176101,15.14465409
AA,1790,10.68181818,-6.261363636
AA,1813,5.619834711,3.673553719
AA,1815,-1.927659574,0.365957447
AA,1837,-3.758474576,-10.00423729
AA,1838,-0.7593361,-9.804979253
AA,1841,7.875,-6.5
AA,1850,-0.962809917,-6.198347107
AA,1853,8.313953488,7.38372093
AA,1855,2.5,-2.432692308
AA,1871,4.799043062,-2.421052632
AA,1879,2.319444444,-6.277777778
AA,1895,2.55785124,-0.446280992
AA,1901,23.59310345,27.6137931
AA,1905,19.2037037,11.93209877
AA,1917,7,3.285714286
AA,1921,-7.428571429,-27.28571429
AA,1925,11.70063694,5.904458599
AA,1938,-7.285714286,-18.57142857
AA,1949,-0.954545455,-7.987012987
AA,1983,28,11.28571429
AA,1999,21.94238683,9.226337449
AA,2019,13,5.889423077
AA,2041,9.589595376,2.028901734
AA,2075,29.94074074,20.35555556
AA,2083,-0.235294118,-6.262032086
AA,2093,12,2
AA,2099,9.940677966,6.347457627
AA,2147,-0.526315789,-7.407894737
AA,2223,3.199300699,-0.132867133
AA,2243,0.361344538,-17.50420168
AA,2253,2.977777778,-3.511111111
AA,2267,-1.378531073,-7.449152542
AA,2279,-1.889830508,-5.548022599
AA,2285,7.831932773,5.705882353
AA,2297,2.159663866,-5.075630252
AA,2314,1.704347826,-3.434782609
AA,2335,6.771428571,5.514285714
AA,2351,22.425,3.441666667
AA,2379,22.94117647,12.76470588
AA,2437,14.81904762,0.952380952
AA,2448,18.69230769,13.07692308
AA,2485,17,-8.857142857
AA,2488,16.3963964,6.648648649
AA,2493,-1.683333333,-2.058333333
AA,2499,-1,0
AS,5,7.697674419,-12
AS,7,15.72765957,3.391489362
AS,11,-0.253731343,-6.447761194
AS,15,-1.64021164,-24.31746032
AS,21,-2.545454545,-14.07954545
AS,915,-4,-23
DL,1,2.8,-14.86666667
DL,4,9.540268456,-0.748322148
DL,6,4.373417722,-12.37974684
DL,17,11.05769231,4.918269231
DL,27,3.482758621,3.290640394
DL,31,13.38686131,-0.240875912
DL,61,22.11650485,18.60679612
DL,73,25.48648649,18.90540541
DL,83,16.24727273,1.243636364
DL,87,11.10216718,0.777089783
DL,91,6.642105263,-10.82105263
DL,95,11.58680556,3.402777778
DL,120,-0.121710526,-10.31578947
DL,127,8.253588517,-3.224880383
DL,141,18.43961353,12.83091787
DL,161,13.20469799,0.788590604
DL,181,2.207756233,-10.61495845
DL,183,-1.545454545,-16.23529412
DL,212,-5,-23
DL,221,10.07317073,9.853658537
DL,245,16.95431472,6.340101523
DL,269,3.320132013,-2.99669967
DL,301,0.047904192,-12.8502994
DL,302,-3.666666667,-20.33333333
DL,305,-3.5,-11
DL,309,-6.25,-10
DL,310,-1,-19.5
DL,315,-0.151785714,-12.94047619
DL,316,0,-22
DL,325,17.14285714,14.35714286
DL,328,-5.25,-15.5
DL,329,4.210191083,-11.37579618
DL,333,-1,1.5
DL,336,14,40
DL,340,-7,-21
DL,346,-4.62962963,-15.59259259
DL,347,21.82208589,5.36196319
DL,351,-4.333333333,13.33333333
DL,354,-4.333333333,-9.333333333
DL,355,3.28,3.56
DL,358,2,-8.5
DL,368,-5,-20
DL,375,25,0
DL,377,39.28571429,40.92857143
DL,380,-2.5,-3.5
DL,381,-5,-12
DL,382,-0.785714286,-4.142857143
DL,385,-5.5,-21
DL,386,5,-5
DL,390,334,318
DL,394,-3.24137931,-8.344827586
DL,401,5.569811321,1.618867925
DL,402,13.93150685,-1.636986301
DL,404,5.2,2.866666667
DL,405,5.230769231,-2.692307692
DL,406,9.904761905,0.428571429
DL,407,17,9.192307692
DL,409,2.423728814,-12.15254237
DL,412,6.5,-7.5
DL,413,-0.7,-10.36666667
DL,414,21,64.5
DL,415,3.1,-5.7
DL,416,-3.333333333,-17
DL,417,2.983333333,-3.333333333
DL,419,6.689655172,-3.586206897
DL,420,-1.571428571,-5.946428571
DL,421,1.785714286,-4.642857143
DL,422,-0.883333333,-1.516666667
DL,423,-1.953488372,-8.593023256
DL,424,6.275,-0.5
DL,425,9.185185185,0.666666667
DL,426,2.191176471,-6.382352941
DL,427,10.79761905,-1.238095238
DL,428,6.05,-9.5
DL,429,0.5,-4.75
DL,430,-2.283333333,-10.36666667
DL,431,-2.230769231,-21.34615385
DL,432,5.670886076,-4.303797468
DL,433,2.296296296,0.296296296
DL,434,3.712121212,-11.95454545
DL,435,7.756097561,-5.853658537
DL,436,11.69230769,12.84615385
DL,437,13.5,-2.75
DL,438,27.3125,33.6875
DL,439,0.4375,5.4375
DL,440,5.344827586,0.379310345
DL,442,6.087912088,-10.8021978
DL,443,6.666666667,-21.88888889
DL,445,-4,-23
DL,448,12.28,9.36
DL,451,30.07142857,33.04285714
DL,452,-3,-5
DL,454,6.551724138,-4.172413793
DL,456,32.11111111,15.88888889
DL,457,5,11.03846154
DL,460,26.375,35.4375
DL,461,-0.711538462,-5.834615385
DL,462,125,117
DL,463,-1.857142857,-8.714285714
DL,465,-4,-15
DL,467,6.517241379,-8.655172414
DL,469,0.20754717,-6.641509434
DL,472,0.056603774,-0.169811321
DL,476,-0.666666667,-12
DL,477,3.160714286,-0.875
DL,479,12.28205128,14.82905983
DL,480,9.230769231,3.769230769
DL,485,2.448412698,0.503968254
DL,486,1.083333333,-4.083333333
DL,490,17.66666667,11.33333333
DL,495,6,-21
DL,498,6.142857143,-24.10714286
DL,499,3.6875,1.375
DL,500,2.121212121,-11.57575758
DL,502,23.36363636,16.93939394
DL,503,14.5255814,4.688372093
DL,505,-9,-35
DL,507,11.5625,11.625
DL,508,8,-10
DL,513,-3,13.5
DL,515,20.73913043,25.95652174
DL,517,-0.833333333,8.333333333
DL,527,16.6875,17.8125
DL,535,7,45
DL,539,11.30434783,6.869565217
DL,540,18.5,-3
DL,541,0,-4
DL,544,-8,9
DL,545,13.56,4.48
DL,548,34.26315789,33.68421053
DL,563,-2.275862069,-4.172413793
DL,567,20,-8
DL,569,37.22222222,37.88888889
DL,570,-7,-4
DL,575,-0.084084084,2.285285285
DL,650,7.5,-0.5
DL,651,23.0625,23.25
DL,652,41.55555556,44.44444444
DL,656,8,21.5
DL,663,3,-3
DL,665,10.86666667,18.8
DL,667,-3,-17.57142857
DL,668,-9,-26
DL,673,11.49456522,11.45108696
DL,675,-4.4375,-24.6875
DL,682,30.375,35.25
DL,689,-1.566666667,-9.633333333
DL,695,2.186119874,-7.009463722
DL,701,-4,9
DL,702,-3.5,4
DL,705,-0.5,-15.5
DL,706,11.9537037,2.265432099
DL,715,-0.051282051,-12.56410256
DL,726,-4.5,-11.5
DL,728,-4,-12.5
DL,729,-7,-24
DL,731,-1.476608187,-8.652046784
DL,732,-8,-2
DL,751,15.5,-9
DL,761,-2.333333333,18.66666667
DL,763,0.869747899,-8.575630252
DL,780,-3,-4.5
DL,781,7.464183381,5.744985673
DL,783,4,-3
DL,788,15,8
DL,792,11,-4
DL,795,6.878787879,-9.181818182
DL,801,4.892857143,-18.28571429
DL,804,3.290322581,-2.967741935
DL,807,2.3115727,-0.356083086
DL,809,298,299
DL,813,5,-6
DL,815,-4,1
DL,831,1.023668639,-5.553254438
DL,834,-1,-4.6
DL,835,-7.666666667,-7.666666667
DL,838,-2.8,3.333333333
DL,841,17.8125,12.5625
DL,842,24.4,14.9
DL,843,18.12,16.28
DL,847,11.97777778,11.06666667
DL,853,21,5
DL,857,-0.932038835,-9.121359223
DL,863,1.91634981,-6.266159696
DL,866,17.57142857,13.07142857
DL,867,6.913043478,-8.405797101
DL,869,0.823529412,-11.17647059
DL,873,-4.466666667,-13.4
DL,874,4.191709845,-4.202072539
DL,877,31.14285714,32.42857143
DL,884,18.45547945,12.75684932
DL,893,22,-6
DL,904,2.548387097,-0.225806452
DL,914,0.430678466,-3.100294985
DL,917,157,133
DL,920,10.58823529,-12.11764706
DL,923,-0.775,-4.2
DL,924,-4.5,-22.5
DL,926,29.23899371,25.46855346
DL,927,-7,-20
DL,930,3.885714286,3.642857143
DL,933,-3,-26
DL,935,8.724137931,5.765517241
DL,942,-7,-9
DL,945,-6.75,-18.75
DL,947,23.11006289,19.69811321
DL,950,-0.333333333,11.53333333
DL,951,7.132075472,-1.79245283
DL,952,20.66666667,8.5
DL,954,5.590163934,-3.778688525
DL,957,12.5,-5.833333333
DL,958,-6,-18
DL,959,-6.5,-7.5
DL,961,24.14285714,-11
DL,963,5.732673267,-9.871287129
DL,967,43.1,35.7
DL,970,-1.023255814,-0.558139535
DL,971,37.5,32.55882353
DL,975,34.32727273,25.73636364
DL,981,-5,-14
DL,984,0,-6
DL,985,20.07954545,10.15151515
DL,994,-7,-22
DL,995,0,-10
DL,1006,3.036144578,-6.674698795
DL,1023,-0.533333333,-2
DL,1025,26,11
DL,1026,7.833333333,7
DL,1031,4.095652174,-5.791304348
DL,1037,0,-7.5
DL,1043,6.99122807,-12.68421053
DL,1047,9.49382716,7.49382716
DL,1051,19.20833333,8.208333333
DL,1057,5.772727273,2.909090909
DL,1075,-3.333333333,-29.33333333
DL,1079,-1.75,-21.25
DL,1085,20.56521739,12.60869565
DL,1088,-2.933333333,-26.73333333
DL,1091,46.89108911,31.3960396
DL,1097,6,-2.921568627
DL,1099,8.296296296,-11.37037037
DL,1108,9.866666667,-10.33333333
DL,1109,1.686900958,-1.862619808
DL,1114,-5,-20
DL,1129,13.38461538,4.942307692
DL,1131,7.438888889,1.969444444
DL,1133,24.85714286,22
DL,1139,-1,-3
DL,1147,22.68367347,16.17006803
DL,1151,29.28571429,27.71428571
DL,1152,-7.333333333,-10.08333333
DL,1157,0.172413793,-7.579310345
DL,1163,15.37142857,13.6
DL,1164,7.596590909,-0.215909091
DL,1167,-1.215017065,-14.13993174
DL,1169,-4,-11
DL,1170,-1.333333333,-18.66666667
DL,1171,-5,-2
DL,1174,8.438485804,3.056782334
DL,1181,36.6,2.666666667
DL,1185,13.76774194,1.974193548
DL,1186,6,-16
DL,1203,-0.25,-12.25
DL,1211,13.90909091,5.575757576
DL,1214,-3.875,-0.875
DL,1218,7,47
DL,1223,171.8333333,168.3333333
DL,1225,15.16666667,12.5
DL,1231,11.81137725,5.925149701
DL,1232,-3,-11
DL,1235,0,-22.33333333
DL,1247,20.32352941,14.52941176
DL,1255,5.970588235,-13.94117647
DL,1269,-1,-15
DL,1271,1.637770898,-9.281733746
DL,1275,0.213414634,-9.362804878
DL,1279,-1.722222222,-4.425925926
DL,1283,-1,-14
DL,1292,-11,3
DL,1303,-1.125,-9
DL,1305,56.75,43.5
DL,1318,-2.666666667,-10.66666667
DL,1321,27.50920245,17.95092025
DL,1322,6,-11.98550725
DL,1325,-2.75,-20.75
DL,1331,7.963414634,-2.756097561
DL,1335,-4,-21
DL,1339,-1.5,-32.5
DL,1344,7.875,-4.84375
DL,1345,4.134146341,-12.31707317
DL,1348,-1,-6
DL,1358,2.625,0.375
DL,1365,8.967741935,4.806451613
DL,1367,3.111111111,-11.47222222
DL,1371,-5.333333333,3.666666667
DL,1373,22.27731092,12.44957983
DL,1375,-1.963414634,-9.882113821
DL,1377,-3.766666667,-8.8
DL,1383,-6,-18.5
DL,1385,0.461538462,-22.23076923
DL,1387,10.82857143,0.371428571
DL,1394,13.07594937,1.509493671
DL,1400,-5,-25
DL,1407,-1,14
DL,1411,1.588235294,-2.470588235
DL,1415,-0.618618619,-10.28228228
DL,1421,1.647058824,-3.647058824
DL,1427,-1,3
DL,1429,-0.384848485,-7.024242424
DL,1433,21.19191919,15.60606061
DL,1435,23.44542773,15.4660767
DL,1437,-4,-27
DL,1439,-6,-40
DL,1442,12.08888889,15.15555556
DL,1443,6.585106383,-2.808510638
DL,1445,7,7
DL,1447,-3,-5
DL,1455,14.39285714,0.607142857
DL,1456,-2,-10.5
DL,1459,-1.52173913,-11.30434783
DL,1461,5.949152542,-2.542372881
DL,1465,20.2055336,7.893280632
DL,1467,-3,-24
DL,1471,-3,-5
DL,1473,13.91272727,6.48
DL,1485,22.69026549,13.1179941
DL,1499,13.71794872,11.80769231
DL,1501,14,-20
DL,1508,6.032608696,-13.27173913
DL,1517,-4,-8.6
DL,1518,23.56818182,20.95454545
DL,1519,14.51428571,15.02857143
DL,1529,0.332326284,-6.640483384
DL,1531,1.596153846,-6.134615385
DL,1533,9,-13
DL,1536,-2,-35
DL,1543,14.46341463,4.203252033
DL,1544,7.032258065,-1.935483871
DL,1545,-1.923076923,-20
DL,1547,1.248502994,-2.308383234
DL,1552,3.15,6.383333333
DL,1565,11.8030303,-1.378787879
DL,1567,21,20
DL,1573,-0.493506494,-6.350649351
DL,1576,8.538461538,2.230769231
DL,1584,-3.166666667,-24.83333333
DL,1585,22.67696629,15.70505618
DL,1595,-11,-36
DL,1597,-3.483870968,-13.41935484
DL,1612,8,6.333333333
DL,1616,-3.857142857,-13.85714286
DL,1619,18.1625,14.18125
DL,1621,24.8974359,5.512820513
DL,1627,3,-31
DL,1629,11.74716981,-3.177358491
DL,1639,3,-8.666666667
DL,1643,12.92857143,3.584033613
DL,1644,-2.636363636,-14.27272727
DL,1647,3.669491525,-0.31920904
DL,1648,-1.666666667,-11.66666667
DL,1653,23.57142857,29.28571429
DL,1656,6,5
DL,1659,4.4,2.4
DL,1668,-7,-32
DL,1685,10.46388889,5.016666667
DL,1689,5.884615385,5.288461538
DL,1695,14.6097561,9.87804878
DL,1697,4.045454545,2.318181818
DL,1705,7.853125,-1.340625
DL,1713,1.807692308,-18.03846154
DL,1715,20.34545455,15.97878788
DL,1729,13.02473498,-0.395759717
DL,1731,-3,2.125
DL,1743,1.681818182,-1.479338843
DL,1747,1.396067416,-4.676966292
DL,1753,20.36363636,22.09090909
DL,1765,1.948717949,-9.243589744
DL,1768,14.01724138,0.551724138
DL,1771,-0.424836601,-11.46405229
DL,1773,10.85284281,2.668896321
DL,1775,2.6,0.56
DL,1779,11.37570621,8.598870056
DL,1781,-5,-26
DL,1785,8.296296296,-1.777777778
DL,1787,2,-15
DL,1798,6.44,-0.52
DL,1807,-5,-14
DL,1813,-1.333333333,-18.66666667
DL,1819,18.7971831,15.47042254
DL,1843,-0.413793103,-5.896551724
DL,1847,3.558823529,1.585294118
DL,1854,23.13753582,17.09169054
DL,1861,0.5,15
DL,1863,17.35714286,8.119047619
DL,1865,-2.917197452,-20.31210191
DL,1869,2.847826087,-0.804347826
DL,1873,6.571428571,6
DL,1875,5.701257862,-1.893081761
DL,1879,-1.170658683,-6.952095808
DL,1884,-1,-8
DL,1885,2.171270718,-4.317679558
DL,1887,-5.7,-19.3
DL,1889,-2.9,-16.175
DL,1896,22.63636364,6.545454545
DL,1899,-4.4,-7.066666667
DL,1902,10.75362319,3.889855072
DL,1903,5.642276423,-5.987804878
DL,1909,-3,-10
DL,1915,2.066666667,-24.86666667
DL,1919,-1.386292835,-9.193146417
DL,1921,-3,-17
DL,1935,8.458333333,1.541666667
DL,1939,19.5,19
DL,1942,14.6728972,13.51401869
DL,1943,-8,-4
DL,1944,-3.5,-11.5
DL,1946,20,9
DL,1947,10.83529412,9.938235294
DL,1959,0.125,-7.786585366
DL,1965,8,-14
DL,1967,-0.235294118,-37.17647059
DL,1972,-4.5,-8
DL,1982,15.14655172,8.637931034
DL,1993,-5,-1
DL,1997,-4.5,-1.5
DL,2002,6.205882353,-6.176470588
DL,2003,-1.579754601,-8.263803681
DL,2006,-0.202898551,-1.695652174
DL,2007,28.27380952,18.08333333
DL,2013,7.363636364,1.090909091
DL,2017,-3.541666667,-10.45833333
DL,2019,14.5,7.417613636
DL,2027,17.24358974,8.576923077
DL,2037,-0.363636364,-20.72727273
DL,2041,34.84705882,24.29411765
DL,2042,32.73650794,31.06666667
DL,2043,6.273775216,1.515850144
DL,2044,11.34730539,8.616766467
DL,2047,1.601139601,-1.641025641
DL,2057,5.216666667,3.9
DL,2060,-4.25,-28.25
DL,2065,13.80519481,-3.415584416
DL,2068,0,-16
DL,2070,7.743589744,6.948717949
DL,2071,7.5,3
DL,2076,24.125,16.5
DL,2079,21.42105263,20.82105263
DL,2082,-3,-8.5
DL,2083,-9,-5
DL,2087,11.8,1.8
DL,2095,-14,-37
DL,2098,7.272300469,-1.680751174
DL,2111,15.33333333,-2
DL,2113,70,85
DL,2114,1,15.5
DL,2115,7,4.56097561
DL,2119,5.549019608,-1.879551821
DL,2121,-2.5,-9
DL,2126,10.47368421,-1.315789474
DL,2131,18.24915825,11.0976431
DL,2137,-1.6,-7.6
DL,2139,23.771875,14.459375
DL,2142,24.0877193,12.84210526
DL,2143,8.088607595,-3.32278481
DL,2147,11.02222222,14.24444444
DL,2149,9,-20
DL,2150,6,-16
DL,2155,9.923076923,-3.820512821
DL,2159,13.09065934,-1.634615385
DL,2162,3.666666667,-29
DL,2165,-1.34375,-11.0625
DL,2170,-1.829268293,-15.5
DL,2174,2.685714286,-24.57142857
DL,2175,23.56,23.36
DL,2179,3.179487179,-7.846153846
DL,2181,11.69435216,7.328903654
DL,2184,-7,-16
DL,2185,-1,-6.5
DL,2189,0,-15
DL,2190,4.289795918,-9.469387755
DL,2205,-1.833333333,-8.5
DL,2214,-1.8,-12
DL,2215,17.40909091,9.545454545
DL,2217,-2,-36
DL,2219,9,3.152777778
DL,2231,15.33236152,11.05247813
DL,2239,12.59090909,-1.590909091
DL,2242,47.125,33.5
DL,2245,-1.962962963,-16.2962963
DL,2247,8.319327731,5.927170868
DL,2254,-4,10
DL,2261,-1.666666667,-6.333333333
DL,2263,-2.833333333,-9.083333333
DL,2275,-0.827586207,-8.275862069
DL,2278,-4,1
DL,2280,9.737623762,-2.366336634
DL,2282,1.357142857,-8.428571429
DL,2285,-1.990936556,-7.078549849
DL,2297,-3.066666667,-6.4
DL,2303,20.77272727,14.31818182
DL,2304,-5,-9
DL,2307,11.09090909,-6.666666667
DL,2311,-4,0.5
DL,2312,-2,-3.75
DL,2315,6,6
DL,2319,8.137931034,0.501567398
DL,2323,-4.2,-33.66666667
DL,2330,-0.625,-1.75
DL,2331,15.79299363,9.302547771
DL,2337,37.6,25.6
DL,2343,4.018050542,3.346570397
DL,2344,-3.666666667,-25.46666667
DL,2345,16.33333333,7.333333333
DL,2347,7.658362989,3.548042705
DL,2352,9.125,-1.75
DL,2356,-2,-16
DL,2357,3.642857143,-19
DL,2361,6.857142857,11.42857143
DL,2363,20.60434783,2.586956522
DL,2366,-2.5,6
DL,2370,14.75379939,7.212765957
DL,2377,9.34,6.78
DL,2379,3.800829876,0.580912863
DL,2380,-2,4
DL,2381,7.2,4.8
DL,2383,16.35526316,3.822368421
DL,2384,3,-5.5
DL,2389,-3.625,-10.5625
DL,2390,92,77
DL,2391,24.39275766,11.02506964
DL,2393,0.52173913,11.47826087
DL,2395,-1.049853372,-5.885630499
DL,2396,-6,-22
DL,2405,9.5,-25.85714286
DL,2407,36.57142857,16.92857143
DL,2421,-1.2,3.333333333
DL,2422,-4.5,-28.5
DL,2430,-1.25,1.75
DL,2431,-0.484848485,-19.51515152
DL,2436,-5.545454545,-17.27272727
DL,2442,17.66666667,12.25
DL,2443,2.727272727,-15.18181818
DL,2444,7.866666667,8.066666667
DL,2445,1.114503817,-9.541984733
DL,2446,26.16666667,38
DL,2448,-0.75,-1
DL,2449,0.276923077,-10.04615385
DL,2450,0.875,-2.875
DL,2451,6.804878049,-2.414634146
DL,2452,0.714285714,-10.91428571
DL,2453,0.25,6.875
DL,2454,15.29411765,8.823529412
DL,2455,11.375,11
DL,2457,4.360730594,-5.392694064
DL,2458,0.375,-10.5
DL,2459,6.748427673,-4.320754717
DL,2461,10.75,6.875
DL,2462,21,29.75
DL,2466,-4,-2
DL,2471,6.5,2.628571429
DL,2478,0,-4
DL,2480,-5.875,-7
DL,2481,50.69230769,33.38461538
DL,2482,2.2,-4.6
DL,2487,15.14285714,14.14285714
DL,2488,63.44444444,62.88888889
DL,2498,-2.333333333,-11.33333333
DL,2499,-2,1.5
DL,2500,44.5,83.5
DL,2504,9,8.75
DL,2505,0,-11.2
DL,2506,5.230769231,2.871794872
DL,2508,-4,-7
DL,2511,7,5.5
DL,2514,8.857142857,-12
DL,2516,18.5,29.5
DL,2517,8.5625,5.3125
DL,2518,-4,-13
DL,2523,-4,-20
DL,2526,15,20.5
DL,2528,-5,2
DL,2534,8,-6.5
DL,2537,6.6,3.36
DL,2546,20.6,-1.6
DL,2551,-6,-3.5
DL,2552,18.5,-0.5
DL,2554,25.5,27
DL,2568,-4.5,4
DL,2577,6,7
DL,2578,8,-6
DL,2579,4.25,4.5
DL,2581,16.5,29.5
DL,2590,15.11538462,-4.846153846
DL,2591,22.84615385,19.46153846
DL,2593,8.384615385,0.346153846
DL,2594,16.9375,6.0625
DL,2595,7.461538462,17.57692308
DL,2596,-0.291666667,-7.458333333
DL,2598,15.25,11.5
DL,2599,14.61904762,13.95238095
UA,1,-0.333333333,-21.33333333
UA,3,3.5,-9.666666667
UA,10,4.333333333,-9.5
UA,12,52.625,39.375
UA,15,13.52089136,3.922005571
UA,16,-1.666666667,-20.83333333
UA,17,5.777777778,-5
UA,18,95,76
UA,19,-6.5,-14
UA,32,6.625,2.041666667
UA,38,3,-8
UA,39,-1,-18
UA,40,1,-47
UA,41,8,-4.166666667
UA,42,-8,-26
UA,43,13.5,-5
UA,45,6.25,5.5
UA,49,-6,-19
UA,52,-7,-4
UA,53,9.8125,12.5
UA,54,13.8,-0.4
UA,55,18,-5
UA,61,5,2
UA,63,0,-5.285714286
UA,64,14.75,5
UA,65,-2,-17.33333333
UA,67,0.333333333,-9.833333333
UA,68,26.2,14.2
UA,69,-1.25,-0.25
UA,72,9.25,-10
UA,73,3.215686275,-10.8627451
UA,74,3,-1.666666667
UA,75,13,6
UA,76,24.33333333,17.55555556
UA,77,4.6,-0.2
UA,80,23.76744186,18.97674419
UA,81,15.13333333,-2.666666667
UA,84,7.5,-13.5
UA,85,-5,-20
UA,94,9,16
UA,96,5,-20
UA,99,-3,-62
UA,100,-2,-7
UA,101,6,12
UA,103,0.5,-11
UA,104,-2,24
UA,105,4,-25
UA,106,19,-2
UA,108,11.05882353,1.470588235
UA,109,13.375,-4.8125
UA,112,9.723684211,3.684210526
UA,120,18.81818182,19.09090909
UA,124,14.2,15
UA,125,89,113
UA,130,9.2,6.2
UA,132,6.473684211,0.894736842
UA,133,21.33333333,-3
UA,148,7.205882353,-2.382352941
UA,149,-3,-35
UA,151,3.388888889,-9.944444444
UA,152,6,4
UA,156,3.461538462,-7
UA,161,5.043478261,-1.847826087
UA,162,4.181818182,-3.272727273
UA,164,-3,-9.166666667
UA,174,5,-14
UA,194,1,-7.5
UA,195,16.28571429,6.928571429
UA,202,-1.8,-23.6
UA,203,32.26315789,23.94736842
UA,204,0.842105263,-12.42105263
UA,205,23.03846154,10.32692308
UA,206,24.56,20.44
UA,207,20.04615385,16.53846154
UA,208,26.79268293,12.09756098
UA,209,30.875,18.125
UA,210,1.56,-7.08
UA,211,0.538461538,-10.38461538
UA,212,26.50344828,24.19310345
UA,214,20.36363636,11.27272727
UA,215,15.30769231,9.263736264
UA,216,10,-7.450980392
UA,217,10.58333333,2.541666667
UA,219,0.214285714,-7.678571429
UA,220,12.33333333,0.066666667
UA,221,11.1,2.4
UA,222,19.10810811,17.56756757
UA,223,-1,-5.466666667
UA,224,3.578947368,-8.263157895
UA,225,1.545454545,-9.227272727
UA,226,18.95890411,10.45205479
UA,228,4,-1.666666667
UA,229,-1.2,-20
UA,230,5.457142857,-3.371428571
UA,231,19.875,15.625
UA,233,3,-14.66666667
UA,234,22.81818182,12.27272727
UA,235,3.808823529,-1.669117647
UA,236,16.34408602,9.602150538
UA,237,20.32989691,16.2371134
UA,238,3.277777778,-7.777777778
UA,239,8.75,-3.5
UA,240,5.428571429,-2.571428571
UA,241,0.259259259,-12.18518519
UA,242,12.68,1.76
UA,243,17.71428571,11.10714286
UA,244,14.3372093,6.197674419
UA,245,1.780487805,-10.06097561
UA,246,6.697674419,-4.11627907
UA,247,3.833333333,-3.916666667
UA,248,7.548387097,3.161290323
UA,249,18.55172414,12.36206897
UA,250,9.52,-1.52
UA,251,16.35,10.43333333
UA,252,8.764044944,-0.943820225
UA,253,22.56626506,10.38554217
UA,254,11.15151515,3.151515152
UA,255,7.467625899,1.841726619
UA,256,17.24390244,6.682926829
UA,257,12.98932384,10.81850534
UA,258,7.0625,-1.125
UA,259,11.88461538,-2.730769231
UA,260,13.23684211,2.052631579
UA,261,10.20754717,8.962264151
UA,262,13.27777778,8.111111111
UA,263,14.25806452,5.258064516
UA,264,18.52631579,9.210526316
UA,265,19.11428571,10.48571429
UA,267,7,0.421052632
UA,268,20.12820513,15.46153846
UA,269,14.3902439,2.926829268
UA,270,12.94736842,-3.421052632
UA,271,20.51428571,1.028571429
UA,272,12.67307692,7.730769231
UA,273,13.52272727,2.727272727
UA,274,24.67647059,19.20588235
UA,275,14.86363636,5.181818182
UA,276,-1.485714286,-10.77142857
UA,277,17.26666667,2.8
UA,278,23.44444444,17.05555556
UA,279,7.536423841,-0.529801325
UA,280,15.14285714,8.095238095
UA,281,3.547619048,-0.928571429
UA,282,34.8,27.8
UA,283,13.51282051,1.41025641
UA,284,9.5,1.055555556
UA,285,10.7,9.1
UA,286,6,-7
UA,287,11.74683544,2.784810127
UA,288,10.50537634,3.774193548
UA,289,15.08695652,5.52173913
UA,291,53.66666667,39.22222222
UA,292,12.275,-4.225
UA,294,15.25490196,9.352941176
UA,295,2.580645161,-15.77419355
UA,296,24.07317073,15.26829268
UA,297,-0.46875,-6.5625
UA,298,2.75,0.90625
UA,299,24.13265306,15.20408163
UA,300,11.2,5.8
UA,301,34.2,28.76666667
UA,302,5.833333333,-6.166666667
UA,303,-1.087613293,-4.870090634
UA,304,0.571428571,-18.64285714
UA,305,6.2,-3.233333333
UA,306,12,4.310344828
UA,307,7.8,5.7
UA,308,18.3559322,12.83050847
UA,309,10.38356164,4.876712329
UA,310,1.588235294,-7.705882353
UA,311,11.76282051,3.128205128
UA,312,25.87931034,18.24137931
UA,314,22.23809524,24.74603175
UA,315,37.5,31.38095238
UA,316,6.454545455,0.181818182
UA,317,6.176470588,-0.117647059
UA,318,11.56097561,4.170731707
UA,319,2.380952381,-11.04761905
UA,320,-3.285714286,-20.28571429
UA,321,2.766666667,-2.566666667
UA,322,-2.432432432,-10.21621622
UA,323,8.470588235,-5.117647059
UA,324,16.2173913,12.39130435
UA,325,22.25714286,16.42857143
UA,326,16.58333333,9.333333333
UA,327,5.655555556,-5.211111111
UA,328,18.38888889,11.55555556
UA,329,15.71052632,4.421052632
UA,330,22.93181818,13.25
UA,331,-0.71686747,-10.98192771
UA,332,17,13.48387097
UA,333,21.19047619,20.33333333
UA,334,21.92,10.52
UA,335,-0.423076923,-3.807692308
UA,336,1.473684211,-0.842105263
UA,337,19,10.68965517
UA,338,13.09677419,4.870967742
UA,339,6.804347826,1.47826087
UA,340,18.85185185,8.296296296
UA,341,15.66666667,7.111111111
UA,342,12.08888889,8.622222222
UA,343,2.415254237,-8.266949153
UA,344,4,-14
UA,345,22.55555556,14.40740741
UA,346,11.1025641,8.205128205
UA,347,4.643678161,-3.781609195
UA,348,98.5,85.5
UA,349,9.052631579,4.789473684
UA,350,22.56164384,17.71232877
UA,351,0.375,-9.625
UA,352,6.275,-1.2
UA,353,26.1,20.73333333
UA,354,13.55,13.1
UA,355,17,6.666666667
UA,356,10.10526316,-3.157894737
UA,357,21.09090909,7.090909091
UA,358,26.22222222,19
UA,359,-1,-12.16666667
UA,360,20.23684211,17.72368421
UA,362,9.384615385,-0.269230769
UA,363,7.16,-0.92
UA,364,11.38709677,6.548387097
UA,365,9.0625,1.78125
UA,366,-6,-2
UA,367,6.4375,1.9375
UA,368,7.828571429,-3.085714286
UA,369,1.85,-5.4
UA,370,7.396226415,4.113207547
UA,371,11.5,-1.903846154
UA,372,27.5,22.2
UA,373,20.74468085,13.44680851
UA,374,17.17142857,9.742857143
UA,375,17.71969697,7.045454545
UA,376,8.970588235,2.117647059
UA,377,4.988764045,0.966292135
UA,378,22,4.827586207
UA,379,10.22727273,-4.636363636
UA,380,24.46153846,22.5
UA,381,7.45,0.45
UA,382,8.285714286,-14.85714286
UA,384,6.8,-1.1
UA,385,18.8961039,10.18181818
UA,386,5.5,-13.8
UA,387,7.102040816,-1.928571429
UA,388,8.6,4.92
UA,389,22.42307692,22.95769231
UA,390,25.57777778,20.91111111
UA,391,1.461538462,-4.846153846
UA,392,23.04166667,19.70833333
UA,393,-2.742857143,-17.94285714
UA,394,13.83211679,0.277372263
UA,395,5.924242424,-6.257575758
UA,397,1.601719198,-9.888252149
UA,398,0.147727273,-4.590909091
UA,399,13.71428571,8.392857143
UA,400,2.444444444,-8.777777778
UA,401,7.25,2.416666667
UA,402,4.2,-7.1
UA,403,-1.428571429,-9.071428571
UA,404,21.64227642,13.25203252
UA,405,6.958333333,-3.255952381
UA,406,2.625,-3.225
UA,407,18.59493671,13.35443038
UA,408,14.6,16.6
UA,410,9,3.074074074
UA,411,33.86363636,29.40909091
UA,412,15.57142857,3.285714286
UA,414,28.90909091,31.36363636
UA,415,22.06896552,18.03448276
UA,417,34.75,38.75
UA,418,12.5,10.8877551
UA,419,3.333333333,-15.66666667
UA,420,15.33333333,4
UA,421,3.606965174,-8.487562189
UA,422,55,43
UA,423,34.88571429,26.42857143
UA,424,8.0875,-2.43125
UA,425,10.33333333,11.33333333
UA,426,6.592592593,-4.592592593
UA,427,-3.230769231,4.615384615
UA,428,6,-2.476190476
UA,429,11.95,8.1
UA,430,12.46511628,16
UA,431,14.84210526,5.673684211
UA,432,18.33333333,5.333333333
UA,433,15.16666667,8.611111111
UA,434,-1.811594203,-15.42028986
UA,435,52.8,51.3
UA,436,18.96363636,6.327272727
UA,437,15.75,3.583333333
UA,438,5,9.5
UA,439,3.219512195,-3.512195122
UA,440,2.526315789,-14.21052632
UA,441,21.78571429,15.5
UA,442,38.73913043,42.56521739
UA,443,3.550185874,-0.211895911
UA,444,4.5,-10.5
UA,445,1.571428571,-3.619047619
UA,446,6.895652174,-2.286956522
UA,447,7,-0.722222222
UA,448,19.15384615,14.57692308
UA,449,-1.178571429,-11.60714286
UA,450,-1.084210526,-8.252631579
UA,451,9.666666667,0.404761905
UA,452,26.28571429,-1.5
UA,453,1,-9.825
UA,454,16.92957746,8.690140845
UA,455,18.88571429,10.51428571
UA,456,6.305084746,-4.610169492
UA,457,1.214285714,-7.071428571
UA,458,34.25,20.1875
UA,459,13.13207547,6.188679245
UA,460,11.14666667,6.88
UA,461,33.06666667,15.66666667
UA,462,30.35714286,28.64285714
UA,463,47.17391304,28.43478261
UA,464,17.98039216,13.78431373
UA,465,24.13793103,10.79310345
UA,466,11.73333333,3.666666667
UA,467,17.33333333,11.66666667
UA,468,35.67857143,35
UA,469,0,-11.07692308
UA,470,4.1,-8.4
UA,471,13.72222222,4.150793651
UA,472,10.2173913,1.608695652
UA,473,5.4,1.488888889
UA,475,11.16438356,-0.808219178
UA,476,1.153846154,-13.30769231
UA,477,6.133333333,-0.8
UA,478,3.6875,-8.7
UA,479,11.69230769,6.807692308
UA,480,15.66666667,13.5
UA,481,8.090909091,-6.181818182
UA,482,6.876404494,-3.97752809
UA,483,18.98507463,14.11940299
UA,485,25.88020833,17.28645833
UA,486,6.448275862,0.448275862
UA,487,8.454545455,0.181818182
UA,488,20.24444444,16.53333333
UA,489,27.75,11.59090909
UA,490,19.58823529,7.882352941
UA,491,20.70731707,8.073170732
UA,492,7.857142857,-0.142857143
UA,493,30.16,32
UA,494,10.16666667,-6.333333333
UA,495,2.619047619,-16.85714286
UA,496,10.4,6.1
UA,497,10.73913043,3.269565217
UA,498,50.58333333,38.25
UA,499,6.465116279,-4.930232558
UA,500,-0.785714286,-14.57142857
UA,501,14.55555556,-2.622222222
UA,502,16,3
UA,503,21.85365854,14.63414634
UA,504,20.23188406,7.31884058
UA,505,2.857142857,-6.142857143
UA,506,9.078947368,-0.394736842
UA,507,1,-0.5
UA,508,28.52,20.12
UA,509,16.41304348,14.70869565
UA,510,26.51724138,13.96551724
UA,511,4.935483871,-5.983870968
UA,512,15.10223642,11.04153355
UA,514,40.75,23.5
UA,515,10.47368421,0.131578947
UA,516,36.66666667,25.85714286
UA,517,7.9375,2.8125
UA,518,9.595744681,5.914893617
UA,519,14.15384615,3.461538462
UA,520,14.63636364,13.63636364
UA,521,3.75,-10.5
UA,522,23.89189189,8.756756757
UA,523,5.1875,-2.296875
UA,524,13.95384615,1.107692308
UA,525,24.64,22.504
UA,526,-2.2,-22.2
UA,527,18.45631068,6.563106796
UA,528,24.77777778,10.7037037
UA,529,10,2.153846154
UA,530,20.28571429,18.57142857
UA,531,8.038461538,-6.019230769
UA,532,6.409090909,-3.772727273
UA,533,4.5,-3.555555556
UA,534,37.2,36.6
UA,535,13.45625,10.41875
UA,536,2.517241379,-13.10344828
UA,537,5,-11.625
UA,538,6.68,-6.72
UA,539,4.375,-4.625
UA,540,0.375,-13
UA,541,11.75384615,5.246153846
UA,542,9.6,-5.8
UA,543,19.06666667,14.53333333
UA,544,5.96347032,-2.465753425
UA,545,47.26315789,40.31578947
UA,546,60,76
UA,547,-1.2,-10.9
UA,548,11.3125,2.5
UA,549,6.666666667,-1.666666667
UA,550,7.561403509,0.859649123
UA,551,4.309859155,-7.957746479
UA,552,26.25925926,21.59259259
UA,554,15.42105263,-1.052631579
UA,555,25.30769231,20.61538462
UA,556,13.125,11.08333333
UA,557,10.70588235,-11.88235294
UA,558,11.58823529,3.058823529
UA,559,13.94339623,1.283018868
UA,560,7.513513514,0
UA,561,5.908333333,-3.066666667
UA,562,20.25925926,11.74074074
UA,563,28.43243243,15.81081081
UA,564,22.8,13.08
UA,565,8.942307692,11.34615385
UA,566,15.95522388,6.402985075
UA,567,4.923076923,-8.461538462
UA,568,35.23529412,25.73529412
UA,569,21.52830189,9.320754717
UA,570,15.07142857,4.75
UA,571,3.92,-10.48
UA,572,17.89285714,8.428571429
UA,573,4.933333333,-13.33333333
UA,574,2.612903226,-7.322580645
UA,575,5.909090909,7.045454545
UA,576,4.333333333,-14
UA,577,9.875,-5.375
UA,578,13.09174312,0.862385321
UA,579,-2.428571429,-12.14285714
UA,580,15.61904762,11.1047619
UA,581,-1.666666667,-14
UA,583,6.325581395,-4.930232558
UA,584,3.307692308,-13.61538462
UA,586,7.872727273,-0.636363636
UA,587,16.77165354,11.60629921
UA,588,25.66666667,17.46666667
UA,589,25.75,15.3375
UA,590,7.15,-4.95
UA,591,18.42105263,3.842105263
UA,592,0.95,-10.7
UA,593,13.39215686,3.862745098
UA,594,22.19354839,19.96774194
UA,595,18.56976744,7.058139535
UA,596,9.108695652,6.891304348
UA,597,25.23076923,17.12820513
UA,598,11.14545455,7.945454545
UA,599,-2.111111111,-26.05555556
UA,600,11.92307692,12.76923077
UA,601,-5.181818182,-19.45454545
UA,602,18.84,11.04
UA,604,20.13793103,13.44827586
UA,605,3.2,0
UA,606,8.916666667,-7.25
UA,607,8,20.33333333
UA,608,26.92857143,19.4047619
UA,611,0.3125,-5.6875
UA,612,19.53333333,12.51111111
UA,614,24.8,16.05
UA,616,-2.4,-21.4
UA,617,15.84146341,6.365853659
UA,618,3.884615385,-8.769230769
UA,619,17.96296296,6.111111111
UA,620,9.15,-4.15
UA,621,18.9,7.3
UA,622,-1.5,-21.16666667
UA,623,21,4.333333333
UA,624,14.65625,8.3125
UA,625,18.15384615,7.846153846
UA,626,52.81818182,57.09090909
UA,627,15.52173913,12.13043478
UA,628,-2.136363636,-12.95454545
UA,630,2.666666667,-7.555555556
UA,632,25,18.57142857
UA,633,-3,-10.5
UA,634,1.84375,3.875
UA,635,7.461538462,-2.314685315
UA,636,5.766666667,6.033333333
UA,638,9.75,2.75
UA,639,16.5,25.16666667
UA,640,115,111
UA,641,28,12.83333333
UA,642,4.413580247,-2.095679012
UA,643,14.65753425,8.068493151
UA,644,-2,-11
UA,645,7,4.5
UA,646,28.73809524,35.88095238
UA,647,22.93103448,16
UA,648,-5.285714286,-14.57142857
UA,649,44,27.66666667
UA,650,-2.357142857,-7.142857143
UA,651,35.16,42
UA,652,18.67741935,8.419354839
UA,653,14.16,9.16
UA,654,7.81,1.64
UA,655,1.5,-12.35714286
UA,656,17.07692308,13.07692308
UA,657,8.7,7.5
UA,658,0,-22.5
UA,659,25.625,9.375
UA,660,4.4,5
UA,661,5.714285714,-12.42857143
UA,662,7.125,-9.75
UA,664,32.2,17.17142857
UA,665,26.81481481,15.22222222
UA,667,6.266666667,2.283333333
UA,668,23.33333333,14.33333333
UA,669,5.258064516,-4.419354839
UA,670,-0.75,-4.25
UA,671,-2.7,-26.6
UA,672,-1,-4
UA,673,3.953488372,-1.563953488
UA,674,6,-6.5
UA,675,37.27272727,25.75757576
UA,676,24.36956522,20.08695652
UA,677,-3.8,-24.4
UA,679,14.25,12.5
UA,680,2.692307692,-6.538461538
UA,681,11.06363636,4.327272727
UA,682,10.16666667,0.722222222
UA,683,17.73684211,12.10526316
UA,684,6.368421053,3
UA,685,8.805555556,-0.022222222
UA,686,20.82758621,12.72413793
UA,687,8.644444444,-2.644444444
UA,688,18,23
UA,689,27.12290503,24.43575419
UA,690,10.14285714,-1.571428571
UA,691,24.6195122,17.89756098
UA,692,4.357142857,1.928571429
UA,693,18.87704918,16.91803279
UA,694,8.714285714,4.571428571
UA,695,30.14358974,19.86153846
UA,696,8.981818182,-1.690909091
UA,697,11.325,-1.75
UA,698,8.211538462,-0.432692308
UA,699,7.054545455,-8.145454545
UA,700,15.28070175,4.596491228
UA,701,3.55,-5.7
UA,702,0,15
UA,703,-1.170347003,-12.21766562
UA,704,31.14285714,11.57142857
UA,705,-1.833333333,-22.33333333
UA,706,9.533333333,-2.333333333
UA,707,-1.625,-13.75
UA,708,21.95205479,14.65068493
UA,709,3.558139535,2.604651163
UA,711,9.970588235,2.058823529
UA,712,-1.823529412,-17.14705882
UA,714,7.294117647,6.117647059
UA,715,13,2.5
UA,716,-2,-5
UA,717,3.857142857,-6
UA,719,7.698113208,0.867924528
UA,720,18.55555556,24.33333333
UA,721,14.55555556,0.111111111
UA,722,14.55882353,7.558823529
UA,725,7.933333333,-12
UA,726,15.34782609,10.26086957
UA,727,20.5,33.5
UA,728,14.66666667,19.33333333
UA,729,30,25.14285714
UA,730,50,46
UA,731,8.535714286,-0.285714286
UA,732,11.05882353,9.117647059
UA,733,1.864864865,-14.37837838
UA,734,13.525,6.05
UA,735,-3.333333333,-15.4
UA,736,22.09090909,22.72727273
UA,737,13.28,4.44
UA,738,26.29411765,28.35294118
UA,739,-5,-6
UA,740,60.28571429,32.28571429
UA,741,18.48387097,5.483870968
UA,742,11.15384615,10.20512821
UA,743,8,-5.071428571
UA,744,23.28947368,16.44736842
UA,745,16.20220588,15.73529412
UA,746,3.75,-2.321428571
UA,748,-5,0
UA,749,-3.214285714,-17.14285714
UA,750,11.6,1.2
UA,751,15.34482759,-0.620689655
UA,752,15.31578947,6
UA,753,1.787234043,-2.808510638
UA,754,20.58536585,7.170731707
UA,755,30.8974359,26.43589744
UA,756,-1.666666667,-0.166666667
UA,758,5.166666667,-13.83333333
UA,759,-0.382352941,-7.676470588
UA,761,12.33333333,7.571428571
UA,762,11.5,-16.5
UA,763,5.363636364,-1.363636364
UA,764,4.647058824,-2.647058824
UA,765,6.914285714,-1.314285714
UA,766,3.436090226,-4.308270677
UA,768,35.97619048,30.02380952
UA,769,31,26.2
UA,770,9.260869565,0.695652174
UA,771,21.9453125,17.0703125
UA,772,3.947368421,5.578947368
UA,773,3,-16.5
UA,774,-1.636363636,-8.818181818
UA,775,13.19266055,4.834862385
UA,778,5.333333333,-6.833333333
UA,779,28.78125,18.96875
UA,781,7.235294118,-16.05882353
UA,782,5.5,-11
UA,783,7.333333333,-5.333333333
UA,784,47.78571429,26.60714286
UA,785,4.474576271,-5.542372881
UA,786,9.588235294,0.235294118
UA,788,14.17647059,9.470588235
UA,789,10.02272727,-7.136363636
UA,790,12,5.333333333
UA,791,9,0
UA,792,14,16.43478261
UA,793,31.4,34.2
UA,794,18,13
UA,795,-2.75,-8
UA,796,-4,-3.4
UA,797,-0.198019802,-2.346534653
UA,798,1.34375,-4.921875
UA,799,4.555555556,5.301587302
UA,800,-3,-7
UA,805,-4.6,-24.8
UA,806,10.73684211,3.052631579
UA,807,38.45454545,33.27272727
UA,808,1.75,-12.25
UA,809,6.826086957,1.173913043
UA,810,41.54545455,28.59090909
UA,812,41.58823529,38.47058824
UA,814,4.785714286,-4.857142857
UA,815,15.6,5
UA,816,-1.142857143,-7.952380952
UA,817,1.333333333,-2.4
UA,820,11.55555556,-0.333333333
UA,821,1.317073171,-3.414634146
UA,822,-11.5,-40
UA,824,15.15,9.25
UA,825,-5,-24
UA,829,-3.2,-17.8
UA,830,8.25,-0.5
UA,831,-2.125,-9.625
UA,832,4.75,3.083333333
UA,833,17.66666667,9.407407407
UA,834,13.5,18
UA,841,6.081339713,-1.976076555
UA,842,4.8,3
UA,843,-1.333333333,-23.66666667
UA,848,3.052631579,-6.842105263
UA,849,11.52631579,-6.684210526
UA,852,11.77777778,6.925925926
UA,856,22.25,9.875
UA,859,-3,-15
UA,862,-2,-14
UA,864,35.66666667,35.33333333
UA,866,24.16216216,19.08108108
UA,867,33.5,12
UA,871,-4,-25
UA,872,4.588235294,-5.941176471
UA,883,2.8,-8.533333333
UA,884,29.33333333,23.33333333
UA,887,14.42857143,2.8
UA,890,25.32142857,7.892857143
UA,891,14.93939394,11.27272727
UA,894,4.545454545,3.818181818
UA,895,0,-13
UA,904,-1,-31
UA,906,-2,-5
UA,908,5,-9
UA,909,8,15
UA,910,9.666666667,1.303030303
UA,919,0,2
UA,920,7,0
UA,921,13.16666667,10.83333333
UA,926,-4.666666667,-33.66666667
UA,927,3.928571429,-4.071428571
UA,929,4,-5
UA,931,-1,10
UA,935,-6,-24
UA,939,12.17857143,6.357142857
UA,944,-5,-25
UA,945,62,54
UA,946,23,22
UA,950,-5,-35
UA,952,15.0625,6.3125
UA,954,14.94285714,7.142857143
UA,955,25.66666667,44
UA,960,3.6,-3.2
UA,961,12.23529412,9.058823529
UA,962,-2,-4
UA,963,0.722222222,-11.72222222
UA,966,0,-16
UA,969,-6,-10.66666667
UA,971,-3,-32
UA,974,35,48
UA,975,-1.714285714,-6.428571429
UA,979,43.14285714,25.42857143
UA,980,3.153846154,3.615384615
UA,983,9,7.208333333
UA,984,8.5,-1
UA,985,11.88888889,0.5
UA,986,8.4,-5.4
UA,987,8.588235294,-5.676470588
UA,988,32,20
UA,990,1,11.66666667
UA,991,9,-6.083333333
UA,992,12.64705882,-0.529411765
UA,993,72,55
UA,994,17.38586957,9.358695652
UA,995,23.66666667,12.29166667
UA,996,33.44897959,34.51020408
UA,997,8.8125,4.109375
UA,998,7.412844037,-3.862385321
UA,999,1.121212121,-4.212121212
UA,1000,11,6.85
UA,1001,10.92857143,1.607142857
UA,1002,1,-18
UA,1003,4.459459459,-4.324324324
UA,1004,12.72,13.4
UA,1010,9.333333333,0.807017544
UA,1012,6.8,-4
UA,1014,2.727272727,-6
UA,1016,0.333333333,-8.333333333
UA,1017,1.6,-14.4
UA,1018,2.375,-2.5625
UA,1020,3.894736842,-16.05263158
UA,1022,10.968,0.512
UA,1023,16.03703704,7.888888889
UA,1024,8.444444444,-15.38888889
UA,1025,10.69444444,6.666666667
UA,1026,2,-21
UA,1027,0.416666667,-11.75
UA,1028,13.75438596,10.03508772
UA,1029,15.35,14.3
UA,1030,1.973509934,2.112582781
UA,1032,-1,-15
UA,1034,-1.916666667,-13.91666667
UA,1037,38.67924528,24.24528302
UA,1038,5.5,-4.55
UA,1039,2.9,-8.225
UA,1041,8.966666667,-5.066666667
UA,1042,8.235294118,-2.117647059
UA,1043,18.89361702,18.42553191
UA,1044,10,1.3
UA,1047,20.67741935,9.032258065
UA,1048,15.9,12.8
UA,1049,13.67924528,-3.622641509
UA,1051,19.28571429,18.39285714
UA,1052,12.05,-0.8
UA,1053,13.18181818,5.924242424
UA,1054,10.48815166,5.672985782
UA,1055,3.75,-7.5
UA,1057,17.36363636,10.18181818
UA,1058,11.53488372,-10.20930233
UA,1059,5.736842105,-5.789473684
UA,1060,9,-0.03030303
UA,1061,24.06451613,15.35483871
UA,1062,3,-2.153846154
UA,1064,17.96685083,9.657458564
UA,1066,17.84736842,10.35263158
UA,1067,14.85714286,3.952380952
UA,1070,17.27777778,0.777777778
UA,1071,23.88294314,11.26421405
UA,1072,5.37254902,-9.019607843
UA,1073,32,25
UA,1074,0.285714286,-16.42857143
UA,1075,6.770491803,-5.983606557
UA,1076,-3,-36
UA,1077,2.055045872,-5.495412844
UA,1078,13.42583732,1.913875598
UA,1079,10.625,4.625
UA,1080,3.25,-16.5
UA,1081,18,-15.25
UA,1083,13.53846154,8.923076923
UA,1084,75.66666667,86
UA,1085,7.857142857,5.285714286
UA,1086,42.5,53.5
UA,1087,2.583333333,-5.583333333
UA,1088,6.6,-15.2
UA,1089,10.22222222,-4.888888889
UA,1090,6.375,-4.65
UA,1091,2,7
UA,1092,3.642857143,-0.357142857
UA,1093,-1.4,-15.4
UA,1094,0.05,-13.5
UA,1095,-4,-13
UA,1096,-2.333333333,-11
UA,1098,-1.375,-4.25
UA,1100,19.79761905,16.0952381
UA,1101,12.14285714,9.114285714
UA,1102,6.6,-6.6
UA,1103,12.66666667,-3.153846154
UA,1105,71,67.4
UA,1106,10.07692308,3.820512821
UA,1107,17.91666667,8.154761905
UA,1108,15.86,6.16
UA,1109,8.352769679,1.460641399
UA,1110,6.042944785,-1.17791411
UA,1111,15.8,2.854545455
UA,1112,22.34146341,17.12195122
UA,1114,8,4.363636364
UA,1115,1.963709677,-7.237903226
UA,1116,23.66442953,10.51006711
UA,1117,1.520833333,-10.52083333
UA,1118,1.571428571,-8.714285714
UA,1119,12,-36
UA,1120,11.10204082,-1.476190476
UA,1121,15.63636364,5.545454545
UA,1122,17.2012987,11.79220779
UA,1123,22.17647059,7.647058824
UA,1124,25.86486486,16.32432432
UA,1125,4.090909091,-5.090909091
UA,1126,25.5,9
UA,1127,22.54368932,16.09708738
UA,1128,22.81818182,10.05594406
UA,1129,5,5.5
UA,1130,18.11363636,10.19318182
UA,1131,0.1875,-16.5625
UA,1132,-1.714285714,-18.85714286
UA,1133,10.66666667,10
UA,1134,10,0.777777778
UA,1135,9.45,-1.45
UA,1136,18.36842105,12.21052632
UA,1137,15.46666667,5.066666667
UA,1138,1.892857143,-6.214285714
UA,1139,21.57978723,16.13829787
UA,1140,16,5.545454545
UA,1141,33.21917808,22.73972603
UA,1142,12.81730769,3.201923077
UA,1143,6.25748503,-2.389221557
UA,1144,7.187096774,-3.483870968
UA,1145,53.5,57
UA,1146,10.27272727,0.238636364
UA,1147,1.647058824,1
UA,1148,5.486956522,0.27826087
UA,1149,18.91891892,10.97297297
UA,1150,10.42372881,3.322033898
UA,1151,18.68907563,-1.201680672
UA,1152,15.02013423,0.067114094
UA,1153,3.333333333,0.909090909
UA,1154,-2.117647059,-7.647058824
UA,1155,-2,-23.75
UA,1156,10.125,3.125
UA,1157,2,-6.5
UA,1158,1.795918367,-9.714285714
UA,1159,19.05769231,6.134615385
UA,1160,5.68,-7.72
UA,1161,22.86486486,15.81081081
UA,1162,5.893491124,-1.094674556
UA,1163,9.69047619,-2.642857143
UA,1164,15.984375,8.03125
UA,1165,22.15714286,22.47857143
UA,1166,17.73529412,8.779411765
UA,1167,20.25,21
UA,1168,23.84210526,11.42105263
UA,1169,3.424242424,-9.333333333
UA,1170,4.751879699,4.255639098
UA,1171,9.5,3.295454545
UA,1172,9.333333333,-0.438596491
UA,1174,-1.4,-6.6
UA,1175,12.31818182,10.01515152
UA,1176,-2.214285714,-13
UA,1177,13.88297872,8.127659574
UA,1178,11.14732143,5.227678571
UA,1179,5.225,-7.75
UA,1180,4.245283019,-0.528301887
UA,1181,4.2,-4.95
UA,1182,14.14102564,3.307692308
UA,1183,2.269058296,-8.062780269
UA,1184,10.66666667,-1.111111111
UA,1185,-2.5,-12
UA,1186,11.29787234,5.031914894
UA,1187,35.47727273,15.97727273
UA,1188,27,12
UA,1189,15.19047619,-2.238095238
UA,1190,2.166666667,6.833333333
UA,1191,-3.8,-16.2
UA,1192,12,7.318181818
UA,1193,9.833333333,-3.388888889
UA,1194,1.153846154,1.769230769
UA,1195,32.9047619,34.14285714
UA,1196,27.33333333,9.333333333
UA,1197,3.181818182,-11.90909091
UA,1198,11.27659574,8.14893617
UA,1199,8.030487805,-2.176829268
UA,1200,13.05945946,-2.816216216
UA,1201,5.725,-13.625
UA,1202,1.266666667,-7.4
UA,1203,6.214285714,0.642857143
UA,1204,-0.857142857,-5.714285714
UA,1205,10.94318182,2.238636364
UA,1206,44,41.54545455
UA,1207,5.035714286,5.25
UA,1208,5.666666667,-10.83333333
UA,1209,7.958333333,-10.5625
UA,1210,16.09375,10.5
UA,1211,13.95,6.933333333
UA,1212,2.054054054,-5.837837838
UA,1214,18.90625,12.53125
UA,1215,-4.181818182,-18.18181818
UA,1216,5.055776892,0.482071713
UA,1217,14.89361702,12.91489362
UA,1218,5.172413793,-6.195402299
UA,1219,16.40625,9.71875
UA,1220,1.956521739,-9.173913043
UA,1221,19.5,9.296296296
UA,1222,16.80555556,10.77777778
UA,1223,6.340659341,-8.725274725
UA,1224,16.6,6.82
UA,1225,15.94202899,2.057971014
UA,1227,5.574712644,-5.310344828
UA,1228,7.460526316,-3.078947368
UA,1229,7,12.5
UA,1230,3.769230769,-7.384615385
UA,1232,10.01550388,-2.11627907
UA,1233,11.33333333,4.511111111
UA,1234,-2,-4
UA,1235,7.208333333,-17.08333333
UA,1236,27.41666667,23.91666667
UA,1237,3.909090909,-3.272727273
UA,1238,3.4,-5.4
UA,1239,-1,-12.9
UA,1240,2.75,-4.375
UA,1241,24.84732824,11.96183206
UA,1242,15.81981982,10.17117117
UA,1243,15.46153846,4.884615385
UA,1244,24.11764706,16.78431373
UA,1245,6.761904762,-10.61904762
UA,1246,8.778947368,-0.263157895
UA,1247,6.571428571,3.857142857
UA,1248,8.897727273,0.659090909
UA,1249,7.222222222,3.296296296
UA,1250,6.088235294,-1.5
UA,1251,16.19444444,12.38888889
UA,1252,14.55555556,-10.55555556
UA,1253,6.166666667,-1.638888889
UA,1254,9.25,-3.75
UA,1255,9.421052632,-1.684210526
UA,1256,8.2,-10.85
UA,1257,8.622807018,-4.587719298
UA,1258,6.957446809,2.042553191
UA,1259,19.2,10.44375
UA,1261,4.136363636,-7.090909091
UA,1262,5.06097561,-2.43902439
UA,1263,14.9047619,4.19047619
UA,1264,15.30769231,3
UA,1265,20.82758621,10.75862069
UA,1266,21.8046875,12.53125
UA,1267,10.65789474,7.894736842
UA,1268,20.14285714,17.52380952
UA,1269,18.38216561,13.08280255
UA,1270,11.18292683,-0.268292683
UA,1271,18.875,7.625
UA,1272,8.666666667,-10.16666667
UA,1273,26.26666667,13.46666667
UA,1274,6.875,-7.8125
UA,1275,26.75,28.1875
UA,1276,0.307692308,-11.46153846
UA,1277,7.928571429,-5.071428571
UA,1278,13.6,-1.1
UA,1279,37.28571429,32.42857143
UA,1280,5.841463415,-1.475609756
UA,1281,9.341666667,-6.125
UA,1282,1.083333333,-7.458333333
UA,1283,14,-2.25
UA,1284,15.4140625,4.76171875
UA,1285,7.25,3.225
UA,1286,41.14285714,35.85714286
UA,1287,15.06451613,0.35483871
UA,1288,7.85,-4.65
UA,1289,6.575757576,-7.060606061
UA,1290,13.92307692,3.666666667
UA,1291,12.19230769,-7.5
UA,1292,19.88356164,12.16438356
UA,1293,11.46153846,5.769230769
UA,1294,7.434782609,-1.086956522
UA,1296,3.201834862,-5.816513761
UA,1297,12.89285714,11.82142857
UA,1298,3.333333333,-17.08333333
UA,1299,9.70212766,1.829787234
UA,1400,4.766666667,6.033333333
UA,1401,4.170068027,0.666666667
UA,1402,8,-9.166666667
UA,1403,6.794117647,2.970588235
UA,1405,4.156862745,-9.745098039
UA,1407,0.333333333,-21
UA,1408,29.875,21.6875
UA,1409,1.488372093,-10.06976744
UA,1410,1.736842105,-7.5
UA,1411,20.75,7.916666667
UA,1412,11,-8.1
UA,1414,7.419354839,-0.032258065
UA,1415,3.736842105,-22.10526316
UA,1416,13.38834951,1.359223301
UA,1417,15.76190476,11.80952381
UA,1418,7.75,0.4375
UA,1420,11.52941176,5.764705882
UA,1421,3.5,-9.25
UA,1422,0.571428571,-7.642857143
UA,1424,23.28813559,6.949152542
UA,1425,2.791666667,-8.041666667
UA,1426,-1,-6.142857143
UA,1428,3.142857143,1.214285714
UA,1429,9.275,-2.925
UA,1430,0.939393939,-8.818181818
UA,1431,-0.818181818,-17.12121212
UA,1433,1,3.5
UA,1434,-0.5,-10.5
UA,1435,24.625,14.5
UA,1436,4.093023256,-2.255813953
UA,1437,31.5,20.23076923
UA,1438,39.71428571,33.71428571
UA,1439,17.15068493,5.061643836
UA,1440,-2.8,-14.5
UA,1441,1.25,-16.41666667
UA,1442,26.12903226,31.83870968
UA,1443,20.94117647,15
UA,1444,7.098901099,-4.472527473
UA,1445,4.5,2.666666667
UA,1446,5.642857143,-6.714285714
UA,1448,8.722222222,-4.833333333
UA,1449,7.4,-1.8
UA,1450,48.5,29.5
UA,1451,14.7755102,7.632653061
UA,1452,3.8125,-5.125
UA,1453,15.625,-0.875
UA,1454,12.46551724,2.724137931
UA,1455,11.50961538,2.653846154
UA,1456,6.298969072,-4.597938144
UA,1457,-6,-27.66666667
UA,1460,19.625,-0.916666667
UA,1461,5.205128205,-1.461538462
UA,1462,13.72580645,3.080645161
UA,1463,11.02941176,1.117647059
UA,1464,18.17105263,9.723684211
UA,1465,13,1.666666667
UA,1466,8.349206349,-0.238095238
UA,1469,1.857142857,-7.857142857
UA,1471,19.18421053,12.28947368
UA,1472,9.291666667,4.75
UA,1474,12.32,4
UA,1475,23.33333333,11
UA,1476,25.77777778,11.77777778
UA,1477,22.84615385,17.23076923
UA,1479,6.138297872,-4.468085106
UA,1480,5.397058824,-3.992647059
UA,1481,12.45833333,4.357142857
UA,1482,19.47311828,6.677419355
UA,1483,2.9,-3.9
UA,1484,4,-14
UA,1485,10.84848485,9.060606061
UA,1486,-2.5,-43
UA,1487,0.5,-11
UA,1489,14.25,-1.375
UA,1490,-0.888888889,8.555555556
UA,1491,36.80769231,28.61538462
UA,1492,8.844444444,0.844444444
UA,1493,8.753246753,-1.467532468
UA,1494,6.666666667,-7.666666667
UA,1495,23.66666667,24.08333333
UA,1496,0.529100529,-11.80952381
UA,1497,4.652777778,-6.541666667
UA,1498,24.47368421,17.47368421
UA,1499,9,30
UA,1500,1.461538462,-2.230769231
UA,1502,5.380952381,3.619047619
UA,1504,1.111111111,-9.444444444
UA,1505,43.83333333,28.16666667
UA,1506,6.717241379,-7.082758621
UA,1507,8.428571429,13.57142857
UA,1508,8.8,-5.4
UA,1509,-4,-8
UA,1510,278,283
UA,1512,-0.071428571,-20.14285714
UA,1515,25.16666667,11.47619048
UA,1516,6.2,-9.4
UA,1517,4.272727273,4.727272727
UA,1519,4.313099042,-2.504792332
UA,1521,9.5,-2.5
UA,1522,9.125,1.75
UA,1523,18.73076923,5.192307692
UA,1524,24.76923077,15.84615385
UA,1525,1.711864407,-4.779661017
UA,1526,10.95967742,2.89516129
UA,1527,8.777777778,6.5
UA,1528,10.08928571,4.053571429
UA,1529,0.111111111,-7.888888889
UA,1530,4,1.25
UA,1531,7.217391304,-4.173913043
UA,1532,38.63218391,22.88505747
UA,1533,28.75,44.25
UA,1534,22.7,14.6
UA,1539,4.431372549,-4.352941176
UA,1540,3.5,-5
UA,1542,28.88709677,23.24193548
UA,1543,54.88888889,43.88888889
UA,1544,-1.666666667,-13.66666667
UA,1545,1.505882353,-9.752941176
UA,1546,0,-4
UA,1547,8.538461538,2.230769231
UA,1548,20.83333333,3.604166667
UA,1549,4.117647059,5.058823529
UA,1550,8,-3.261904762
UA,1551,0.363636364,-8.909090909
UA,1552,9.4,-12.4
UA,1553,9.533333333,-0.866666667
UA,1554,14.992,7.224
UA,1555,27.44705882,18.2
UA,1556,21.26,16.12
UA,1557,13,-4.125
UA,1558,42.92307692,30.34615385
UA,1561,17.72727273,5.909090909
UA,1562,13.58823529,1.529411765
UA,1563,12,10
UA,1564,13.15151515,5.393939394
UA,1565,5.772727273,-13.68181818
UA,1566,5.2,-2.9
UA,1567,-2,0.375
UA,1568,8.37037037,8.333333333
UA,1569,4.5,1.25
UA,1570,13.18181818,-3.96969697
UA,1571,9.608695652,-1.608695652
UA,1572,9.823529412,11.35294118
UA,1573,0.75,-12.75
UA,1574,11.5,3.433333333
UA,1575,14.5,2.045454545
UA,1576,16.84615385,11
UA,1577,-2.6,-23.8
UA,1578,44.66666667,27
UA,1579,11.97222222,2.861111111
UA,1580,9.538461538,-1.516483516
UA,1581,6.222222222,-5.919191919
UA,1583,9.126436782,-1.206896552
UA,1584,11.09375,2.25
UA,1585,12.76923077,0.230769231
UA,1586,16.76923077,17.61538462
UA,1587,15.43396226,12.16981132
UA,1588,0.333333333,-13.33333333
UA,1589,17.6,17.4
UA,1591,2.741935484,-7.903225806
UA,1592,3.789473684,-5.023391813
UA,1593,12.75581395,1.410852713
UA,1594,3,5.875
UA,1595,19.63333333,1
UA,1596,-0.5,-12.25
UA,1597,2.428571429,-9.681318681
UA,1598,24.625,13.16666667
UA,1599,-1.411764706,-14.35294118
UA,1600,10.83601286,3.961414791
UA,1601,7.875,0.576388889
UA,1602,8.291666667,5.333333333
UA,1603,33.85714286,29.57142857
UA,1604,13.95238095,9.904761905
UA,1605,5.929032258,-6.096774194
UA,1606,10.63636364,-6.954545455
UA,1607,19.05,8.3
UA,1608,22.05263158,14.21052632
UA,1609,5.166666667,14.83333333
UA,1610,-9,-28
UA,1611,21.63736264,11.28571429
UA,1612,2.536585366,-9.585365854
UA,1614,0.333333333,8.666666667
UA,1615,18.5625,4.8515625
UA,1616,-0.545454545,-10.27272727
UA,1617,11.38461538,2.153846154
UA,1618,14.15384615,9.888111888
UA,1619,11.875,-12.625
UA,1621,7.233333333,-3.466666667
UA,1622,4.674157303,-6.033707865
UA,1623,3.415584416,-2.597402597
UA,1624,11.48101266,4.367088608
UA,1625,13.56756757,2.506756757
UA,1626,5.943319838,-0.570850202
UA,1627,2.716666667,-7.575
UA,1628,14.8,-8.8
UA,1629,24.26315789,10.26315789
UA,1630,7.333333333,-0.111111111
UA,1631,8,8.833333333
UA,1632,18.11428571,11.02857143
UA,1633,25.33333333,28
UA,1635,18.84090909,10.28787879
UA,1636,5.88,-11.88
UA,1637,19.68253968,15.89417989
UA,1638,12.68926554,10.94350282
UA,1639,12.35,2.5
UA,1640,7.8,10.2
UA,1641,9,-0.995744681
UA,1642,32.76923077,15.61538462
UA,1643,4.198170732,-2.847560976
UA,1644,1.823529412,-14.14705882
UA,1645,23.02941176,14.97058824
UA,1646,-0.25,-8.25
UA,1648,19.29411765,-5.294117647
UA,1649,15.33333333,-9
UA,1651,14.45631068,1.941747573
UA,1653,0.882352941,-6.176470588
UA,1654,13.28070175,6.824561404
UA,1655,0.848484848,-11.48484848
UA,1656,16,3.962962963
UA,1657,23.9047619,19.61904762
UA,1658,9.363636364,-12.54545455
UA,1659,3.142857143,-12
UA,1661,33.3030303,22.87878788
UA,1662,2,-11
UA,1663,7.644859813,-2.280373832
UA,1664,29.44444444,38
UA,1665,10.42281879,0.55704698
UA,1666,18.21212121,7.515151515
UA,1667,17.54,8.92
UA,1668,3.068783069,-9.264550265
UA,1669,8.571428571,5.571428571
UA,1670,19.33333333,9.666666667
UA,1671,8.058823529,-10.76470588
UA,1672,8.770833333,7.895833333
UA,1673,28.07407407,28
UA,1674,11.72727273,-1.060606061
UA,1675,24,5.6
UA,1676,6.315789474,0.105263158
UA,1677,6.595744681,-3.744680851
UA,1678,10.625,-5.75
UA,1679,21.33333333,10.33333333
UA,1680,27.82822086,18.2208589
UA,1681,3.307692308,-1.923076923
UA,1682,18.89444444,5.805555556
UA,1683,6.03030303,-6.424242424
UA,1684,21.68888889,15.22222222
UA,1685,16.08695652,7
UA,1686,9,-2.530612245
UA,1687,11.47619048,1.317460317
UA,1688,12.20833333,4.541666667
UA,1689,2.6,-19
UA,1690,4.466666667,-3.316666667
UA,1691,2.424242424,-7.787878788
UA,1692,14.84065934,4.642857143
UA,1693,7.230769231,-10.38461538
UA,1694,15,11.5
UA,1695,9.604878049,2.317073171
UA,1696,21.55555556,8
UA,1697,12.375,-0.5
UA,1698,5.285714286,2.464285714
UA,1699,13.95833333,0.416666667
UA,1700,7.955882353,-1.588235294
UA,1701,6.035,-4.94
UA,1702,12,-0.25
UA,1703,22.13661202,12.93442623
UA,1704,13.2,1.3
UA,1705,11.5,-0.058823529
UA,1706,15.33333333,22.66666667
UA,1707,5.894736842,-5.171052632
UA,1708,8.284552846,1.06504065
UA,1709,48.5,45
UA,1710,5.485714286,-7.457142857
UA,1711,2.838709677,-6.696774194
UA,1712,14.61875,6.7625
UA,1714,5.106382979,-2.680851064
UA,1715,-2.166666667,-15.66666667
UA,1717,18.25,-2.25
UA,1718,0.869565217,-7.847826087
UA,1719,10.56097561,-3.341463415
UA,1720,-2,-21
UA,1721,13.8,8.05
UA,1722,3.576923077,-3.961538462
UA,1723,25.07692308,13.15384615
UA,1724,2.326086957,-2.02173913
UA,1725,34.375,32.625
UA,1726,11.42105263,-4.736842105
UA,1727,13.70212766,6.85106383
UA,1728,3.5,-11.5
UA,1729,3.244444444,-2.488888889
UA,1730,16.84313725,1.450980392
UA,1731,4.909090909,-28.13636364
UA,1732,0,-9.25
UA,1733,-2,-18.4
UA,1734,12.93991416,4.682403433
UA,1735,3.832061069,-4.366412214
UA,1736,3.875,-4.9375
UA,1737,13,2.076923077
UA,1738,41,36.9375
UA,1739,12.52631579,6.578947368
UA,1740,12.46753247,4.857142857
UA,1741,0.833333333,-4.166666667
UA,1742,16.27272727,8.636363636
UA,1743,22,12.33333333
UA,1744,10.16793893,-1.404580153
US,15,0.482758621,-15.22413793
US,17,29.09090909,34.86363636
US,19,-1.722222222,-24.77777778
US,27,12.66666667,0
US,29,7.368421053,11.15789474
US,35,20.48120301,14.01503759
US,71,5.071428571,-14.57142857
US,75,-0.172661871,-7.374100719
US,77,47,-1
US,88,-8,-46
US,90,-3,-37
US,123,-5.25,-5.375
US,140,4.3,-12.53333333
US,177,7,4
US,186,9.803278689,-1.770491803
US,195,-1.5,-17.03846154
US,196,7.696969697,-0.797979798
US,245,-3.666666667,-9.5
US,255,10,-2
US,297,11.15315315,17.96396396
US,311,-6,-11.5
US,334,1.325,0.775
US,338,1.777777778,7.333333333
US,362,-4,-23.8
US,373,7.315789474,9.410526316
US,375,-2.5,5.75
US,400,-0.3,-3.3
US,407,3,30.33333333
US,409,-1.536,-4.08
US,413,-2,2.333333333
US,423,12.625,-5.625
US,425,5.619047619,1.73015873
US,433,0.631578947,2
US,449,16.58208955,21.47263682
US,450,3.381578947,0.789473684
US,451,-3,-23
US,456,4.180722892,-3.638554217
US,458,-0.666666667,-3.333333333
US,467,-1,-8
US,468,-4,28
US,475,1,-2
US,487,0.161764706,5.419117647
US,495,4,-3.733333333
US,501,65.16666667,59.83333333
US,516,4.781818182,4.981818182
US,534,-5,-28.5
US,551,-1,-15
US,565,-2.857142857,-9.857142857
US,581,-8.5,-16.83333333
US,583,-3.5,-20
US,604,-1.620192308,-6.961538462
US,621,1.689655172,-24.51724138
US,623,5.03030303,-7.787878788
US,625,3.3,-5.6125
US,627,4.711111111,-3.888888889
US,629,9.838461538,-0.969230769
US,632,24.33333333,31.5
US,638,-1.25,-24.25
US,654,0.612903226,-7.129032258
US,656,5.081395349,0.186046512
US,675,-2.463768116,-2.891304348
US,678,10.6,4
US,679,0.466666667,-8.7
US,681,15.75490196,17.00980392
US,686,13.21830986,12.85915493
US,687,4.746478873,1.957746479
US,688,15.76470588,13.92941176
US,690,3.384615385,-16.84615385
US,699,-1.5,-12.5
US,707,-2.52173913,0.543478261
US,720,6.127118644,5.906779661
US,721,9.777777778,10.31481481
US,725,-4,18
US,726,-8.5,-11.5
US,745,-2.166666667,-0.1
US,752,-1.375,1.75
US,756,-3,-11.5
US,761,10.11111111,-3.555555556
US,787,-10,-28
US,789,19.66666667,16
US,795,-7,-14.25
US,802,6.195744681,4.944680851
US,819,-4.375,-5.5
US,821,5.75,3.5
US,829,0.022727273,-1.568181818
US,833,0.333333333,0
US,834,13.84615385,19
US,840,-2.604651163,-10.02325581
US,843,5.666666667,2.333333333
US,855,-0.5,1.125
US,861,-9,-26
US,874,-3.5,-15.83333333
US,876,-4.833333333,-18.66666667
US,879,5.666666667,-0.333333333
US,881,-5.75,-13.875
US,883,0.162162162,-10.37837838
US,885,-7,-5
US,887,0.916666667,-3.916666667
US,891,-3.4,-6.2
US,892,-5,-20
US,893,6.452830189,1.452830189
US,894,17.43581081,16.99662162
US,896,12,9
US,926,-1.880952381,3.023809524
US,928,-6.636363636,-12.81818182
US,931,11.98333333,11.93333333
US,947,-3.666666667,-9
US,963,-3.5,-24
US,975,-2.6,-16.4
US,978,-2,-40
US,980,11.46153846,0.692307692
US,1002,1.333333333,4.583333333
US,1003,42,50
US,1004,102,89
US,1009,-7,-12
US,1010,-6,-2
US,1012,14.16666667,16.77777778
US,1013,21,10.5
US,1014,0.321428571,-0.964285714
US,1015,0,2
US,1017,-4,11
US,1018,-5,-22
US,1019,-5.5,-11.85714286
US,1021,0,-3
US,1026,-4.5,-12.5
US,1030,-2.4,2.4
US,1032,4.888888889,8.511111111
US,1034,-2,8
US,1036,0.705882353,-7.411764706
US,1040,-1.05,-9.5
US,1042,-3.75,-8
US,1044,-10,-12
US,1048,-3,-24
US,1051,13,10
US,1053,-4.333333333,-4.5
US,1055,-4.875,-5.875
US,1057,7.222222222,3.111111111
US,1059,4.833333333,-0.666666667
US,1065,12.33333333,3.166666667
US,1066,-6.25,-11.75
US,1067,-6,-19
US,1070,-5,4
US,1081,0.24,3.12
US,1085,-3.381578947,-3.052631579
US,1089,4.6875,-0.125
US,1090,-6,-30
US,1099,-12,-16
US,1100,-3.095238095,-18.76190476
US,1101,5.555555556,7.481481481
US,1103,3.962962963,3.777777778
US,1105,12.16666667,18
US,1113,6.95,10.75
US,1114,-8,-24
US,1117,-4.808510638,-2.893617021
US,1119,-3.75,-13.5
US,1125,-3.363636364,-5.696969697
US,1127,61.5,62
US,1136,-1.666666667,2
US,1137,-3.666666667,-14
US,1138,4,1.333333333
US,1141,-4.666666667,-10.55555556
US,1143,-3.25,-5.25
US,1145,8,10.4
US,1149,-5.5,-9
US,1151,-10,-18
US,1153,-0.105263158,-5.210526316
US,1173,-4,-12
US,1177,1.5,1.25
US,1179,1.666666667,-11.66666667
US,1181,7.833333333,21.16666667
US,1203,25.25,11.25
US,1217,-5,-32
US,1218,-7,-14
US,1219,-7.666666667,-4.166666667
US,1222,1.956521739,1.913043478
US,1226,147,148
US,1229,-2.892857143,-4.357142857
US,1231,3.1,7.7
US,1249,2.333333333,1
US,1250,-6.2,-10.8
US,1251,-6,19
US,1252,0,-1
US,1266,-8,-22
US,1269,-1,-11.4
US,1274,-1,-3.666666667
US,1277,0.296296296,-0.697530864
US,1279,6.714285714,24.80952381
US,1281,-2.4,1.033333333
US,1282,0.333333333,-2.333333333
US,1288,-4.277777778,-14.66666667
US,1289,-2.555555556,-0.703703704
US,1291,-2.5,-6.142857143
US,1401,0,-4
US,1407,13,29
US,1416,-2.5,-22.5
US,1427,-0.117647059,2.31092437
US,1429,-0.977142857,-4.302857143
US,1431,-1.030612245,-2.5
US,1433,-2.145454545,-5.206060606
US,1435,6.166666667,6.904761905
US,1436,-9,-22
US,1437,4.2,-3.4
US,1441,-4.8,-1.2
US,1443,2.282051282,0.153846154
US,1444,0.84,2.58
US,1445,1.410714286,-3.857142857
US,1447,-4.925,-9.65
US,1453,-5.75,1.5
US,1459,2.367816092,6.362068966
US,1467,-7,-29
US,1473,56.57142857,49.64285714
US,1485,-4.571428571,-17.42857143
US,1491,21.05063291,16.39873418
US,1498,14.33333333,13.33333333
US,1501,6.818181818,2.121212121
US,1505,4.222222222,-5.666666667
US,1507,-2.076923077,-3.833333333
US,1509,1.459459459,-0.378378378
US,1515,0.777777778,6.111111111
US,1521,-7,-29
US,1529,-2.142857143,12.14285714
US,1531,89.5,95.40909091
US,1535,-3.125,-7.75
US,1536,-2.5,-6
US,1539,47.5,32
US,1541,8,-5
US,1543,12.35294118,19.55882353
US,1545,-0.375,-3.75
US,1567,-4.5,-5.833333333
US,1568,-2,16
US,1569,-5,-23
US,1575,-5.8,-16.6
US,1579,-8.666666667,-4.333333333
US,1597,-3.333333333,1.666666667
US,1598,-5,0
US,1607,13.01219512,26.24390244
US,1609,-6.625,-13.4375
US,1613,-7.666666667,-16
US,1615,-2.5,2.166666667
US,1619,-0.75,-5
US,1621,7.727272727,13.95454545
US,1625,-0.113043478,-0.443478261
US,1629,-3.387755102,-2.12244898
US,1631,-4,-16
US,1639,-8,-7
US,1641,80.5,77.5
US,1643,-5.4,0.2
US,1657,-5.3,-7.233333333
US,1661,-8.5,-4.5
US,1665,9.925925926,8.580246914
US,1677,7.3,-17.1
US,1687,84.5,82.5
US,1691,-4,11
US,1697,-7.25,-9
US,1701,-8,12
US,1703,-2.375,0.25
US,1709,-2,2
US,1711,1.909090909,7
US,1713,0,-17
US,1714,14.02173913,26.19565217
US,1723,-4.5,3
US,1729,0.5,-5
US,1733,-0.277227723,-2.03960396
US,1736,-5.285714286,-10.42857143
US,1739,-5.529411765,-12.94117647
US,1745,8.212121212,3.045454545
US,1747,-5.5,-19
US,1751,4.135135135,0.972972973
US,1752,-7.4,-30.2
US,1753,3.47826087,2
US,1761,-0.166666667,-10.83333333
US,1767,10.125,11.94642857
US,1768,-9,-30
US,1772,1.581818182,-6.127272727
US,1773,19,15
US,1774,15,-23
US,1775,17.21052632,22.84210526
US,1780,-12,-18
US,1789,-5,-23
US,1791,5.105263158,5.605263158
US,1802,5.419642857,-5.910714286
US,1805,-1.166666667,-0.333333333
US,1807,-1.666666667,-9.666666667
US,1808,0.538461538,4.230769231
US,1811,-2,-4.333333333
US,1815,29.16666667,24.5
US,1817,5.454545455,8.454545455
US,1821,-5.705882353,0
US,1823,5.833333333,3.5
US,1825,-3,-23
US,1830,1.875,-5.125
US,1831,11.76842105,11.81052632
US,1833,2.170212766,5
US,1834,-5,-7.142857143
US,1837,-0.5,10.5
US,1842,1.5,13.5
US,1843,-1.875,-5.738636364
US,1845,-5,-2
US,1848,-6,-35
US,1849,-9,-21
US,1855,7.75,-2
US,1857,112,113
US,1859,46,31
US,1860,10.91666667,26.91666667
US,1863,-5.285714286,0.285714286
US,1873,17.47058824,16.82352941
US,1877,-5.482758621,-19.13793103
US,1879,12.1875,10.375
US,1881,0.5,-0.5
US,1885,6.166666667,4.833333333
US,1887,25,18
US,1892,-3.583333333,-5.166666667
US,1895,-0.296482412,-0.854271357
US,1896,-4.142857143,-2.285714286
US,1897,17,7.333333333
US,1899,17.00595238,19.3452381
US,1901,-8,-26.5
US,1909,-4.989247312,-7.709677419
US,1911,-1.071428571,-5.714285714
US,1912,-6.5,-22.75
US,1915,-4,-19
US,1924,-5,6
US,1925,-4.571428571,-7.714285714
US,1930,-5.5,-27.5
US,1935,0,-15
US,1945,-9,16
US,1946,-5,-17.08333333
US,1949,-2,-10
US,1951,-5.47826087,-10.91304348
US,1956,0.666666667,-7.333333333
US,1958,-2.727272727,-5.909090909
US,1963,0.923076923,-5.076923077
US,1965,-3.909090909,-10.97727273
US,1967,-5.2,-28.6
US,1970,-3,-9
US,1972,13.25,11.5
US,1973,11.93298969,8.994845361
US,1978,5.422222222,2.911111111
US,1979,3.64,-3.88
US,1984,-3.75,1
US,1986,7,-6.5
US,1987,-4.5,-6
US,1989,-0.538461538,-9.615384615
US,1993,-3.75,-10.17857143
US,1995,5.297101449,3.115942029
US,1997,-3.5,-15
US,1998,45,49
US,2001,0.8,-3.8
US,2009,-5,4.75
US,2010,0,30
US,2014,-16,-31
US,2017,-3.1,-8.9
US,2019,-5,-19
US,2021,-4.727272727,-17.18181818
US,2023,-4.204081633,-11.95918367
US,2028,2,7
US,2029,-3.8,-9.2
US,2034,12,-1
US,2037,0.571428571,6
US,2039,11.33333333,9.114035088
US,2041,-1.727272727,-15.90909091
US,2042,-4,-9
US,2044,-6.5,-18
US,2048,3.333333333,6.333333333
US,2049,-1.6,-4.8
US,2052,2.891891892,1.027027027
US,2053,1.833333333,-6.666666667
US,2054,-3.138461538,-5.6
US,2055,3.727272727,0.363636364
US,2056,21.5,31.25
US,2062,24.5,32
US,2063,5.411764706,-1
US,2067,2.103448276,-3.827586207
US,2069,6.892857143,6.375
US,2070,8.4,-6.8
US,2071,-2.69047619,-6.285714286
US,2072,21,21
US,2073,-4,-9.5
US,2075,4,7.36
US,2077,-1.121212121,-2.575757576
US,2079,3.210526316,-1.368421053
US,2081,-0.666666667,23
US,2083,8.782608696,11.08695652
US,2085,-1.093333333,-13.56666667
US,2086,1.375,-8
US,2088,5.423728814,-0.152542373
US,2090,0,-14
US,2094,1.230769231,-3.615384615
US,2095,-2.639344262,-6.524590164
US,2097,-3,-12.71428571
US,2114,-5.064748201,-8.345323741
US,2116,-4.007042254,-3.669014085
US,2118,-4.654676259,-8.374100719
US,2120,-3.75,-10.02083333
US,2122,-5,-5.507042254
US,2124,-1.097744361,-5.285714286
US,2126,-2.516304348,-1.510869565
US,2128,-3.992537313,-4.149253731
US,2130,-2.077922078,-2.876623377
US,2132,1.722222222,-1.37654321
US,2134,-0.112449799,-1.168674699
US,2136,-0.725663717,-1.495575221
US,2138,0.879518072,-0.779116466
US,2140,3.643776824,2.532188841
US,2142,0.661538462,-1.353846154
US,2144,4.788235294,1.203921569
US,2146,-2.208,-5.128
US,2148,-4.89010989,-5.659340659
US,2150,-3.314814815,-4.962962963
US,2152,0.409090909,1.163636364
US,2154,0.626168224,-1.813084112
US,2156,2.091836735,4.030612245
US,2158,-0.472222222,-3.12037037
US,2160,2.604395604,-1.054945055
US,2161,-3.594405594,0.132867133
US,2162,1.862385321,-0.183486239
US,2163,-4.174825175,-1.041958042
US,2164,3.272727273,-2.872727273
US,2165,-4.635714286,0.128571429
US,2167,-4.725694444,-7.020833333
US,2169,-1.962025316,-1.628691983
US,2171,2.224080268,3.956521739
US,2173,-1.791666667,-0.358974359
US,2175,-0.993127148,2.323024055
US,2177,2.343333333,3.03
US,2179,9.663043478,10.7826087
US,2181,5.487012987,7.103896104
US,2183,6.285171103,7.631178707
US,2185,11.48913043,14.00724638
US,2187,19.30496454,19.5212766
US,2189,14.40860215,15.39426523
US,2191,11.55514706,11.16176471
US,2193,13.81300813,8.780487805
US,2195,8.983050847,7.652542373
US,2197,2.330508475,0.796610169
